Target_Re,Velocity,q_wall,T_wall,T_bulk,h_cfd,Nu_cfd
20000,0.6046676096181046,12001.39,304.2262,300.3564,3101.2946405499006,143.0744085395615
40000,1.2093352192362092,12000.9,302.5956,300.17825,4964.485903985771,229.03044268306297
60000,1.8140028288543137,12000.92,301.8487,300.11885,6937.549498511436,320.0553014973954
